{"cameraMode":{"drawMode":0,"name":"Shaded","section":"Shading Mode"},"sceneLighting":true,"audioPlay":false,"sceneViewState":{"showFog":true,"showMaterialUpdate":false,"showSkybox":true,"showFlares":true,"showImageEffects":true,"showParticleSystems":true},"in2DMode":false,"pivot":{"x":1.0287675857543946,"y":1.4417610168457032,"z":-10.735095024108887},"rotation":{"x":0.16824789345264436,"y":-0.8305590748786926,"z":0.3501761555671692,"w":0.39905479550361636},"size":7.336025238037109,"orthographic":false}