{"cameraMode":{"drawMode":0,"name":"Shaded","section":"Shading Mode"},"sceneLighting":true,"audioPlay":false,"sceneViewState":{"showFog":true,"showMaterialUpdate":false,"showSkybox":true,"showFlares":true,"showImageEffects":true,"showParticleSystems":true},"in2DMode":false,"pivot":{"x":-0.11625337600708008,"y":-1.2561960220336915,"z":-4.983880996704102},"rotation":{"x":0.045044247061014178,"y":-0.9502657651901245,"z":0.16409802436828614,"w":0.26084497570991518},"size":7.2999982833862309,"orthographic":false}