{"cameraMode":{"drawMode":0,"name":"Shaded","section":"Shading Mode"},"sceneLighting":true,"audioPlay":false,"sceneViewState":{"showFog":true,"showMaterialUpdate":false,"showSkybox":true,"showFlares":true,"showImageEffects":true,"showParticleSystems":true},"in2DMode":false,"pivot":{"x":-4.6628828048706059,"y":0.7399616241455078,"z":-0.3058509826660156},"rotation":{"x":-0.32332074642181399,"y":-0.16853909194469453,"z":0.058627963066101077,"w":-0.9293256998062134},"size":17.67020606994629,"orthographic":false}