{"cameraMode":{"drawMode":0,"name":"Shaded","section":"Shading Mode"},"sceneLighting":true,"audioPlay":false,"sceneViewState":{"showFog":true,"showMaterialUpdate":false,"showSkybox":true,"showFlares":true,"showImageEffects":true,"showParticleSystems":true},"in2DMode":false,"pivot":{"x":2.420476198196411,"y":5.780021667480469,"z":-9.133296966552735},"rotation":{"x":-0.21431796252727509,"y":-0.009370684623718262,"z":0.0020426299888640644,"w":-0.9767370223999023},"size":19.53119659423828,"orthographic":false}