{"cameraMode":{"drawMode":0,"name":"Shaded","section":"Shading Mode"},"sceneLighting":true,"audioPlay":false,"sceneViewState":{"showFog":true,"showMaterialUpdate":false,"showSkybox":true,"showFlares":true,"showImageEffects":true,"showParticleSystems":true},"in2DMode":false,"pivot":{"x":0.6942139863967896,"y":-1.255331039428711,"z":-0.834716796875},"rotation":{"x":0.2728060185909271,"y":-0.06200055032968521,"z":0.017621919512748719,"w":0.9599159955978394},"size":23.124591827392579,"orthographic":false}