{"cameraMode":{"drawMode":0,"name":"Shaded","section":"Shading Mode"},"sceneLighting":true,"audioPlay":false,"sceneViewState":{"showFog":true,"showMaterialUpdate":false,"showSkybox":true,"showFlares":true,"showImageEffects":true,"showParticleSystems":true},"in2DMode":false,"pivot":{"x":-18.31357765197754,"y":0.020601613447070123,"z":-3.574345350265503},"rotation":{"x":0.3321146070957184,"y":0.13099528849124909,"z":-0.04663284495472908,"w":0.9329348206520081},"size":33.187652587890628,"orthographic":false}