{"cameraMode":{"drawMode":0,"name":"Shaded","section":"Shading Mode"},"sceneLighting":true,"audioPlay":false,"sceneViewState":{"showFog":true,"showMaterialUpdate":false,"showSkybox":true,"showFlares":true,"showImageEffects":true,"showParticleSystems":true},"in2DMode":false,"pivot":{"x":506.65631103515627,"y":-15.4498291015625,"z":234.6722412109375},"rotation":{"x":-0.3818608224391937,"y":0.0005517062381841242,"z":-0.00022793287644162774,"w":-0.9242190718650818},"size":868.9946899414063,"orthographic":false}