{"cameraMode":{"drawMode":0,"name":"Shaded","section":"Shading Mode"},"sceneLighting":true,"audioPlay":false,"sceneViewState":{"showFog":true,"showMaterialUpdate":false,"showSkybox":true,"showFlares":true,"showImageEffects":true,"showParticleSystems":true},"in2DMode":false,"pivot":{"x":0.6942139863967896,"y":-1.255331039428711,"z":-0.834716796875},"rotation":{"x":0.26755470037460329,"y":0.017343129962682725,"z":-0.004814928863197565,"w":0.9633827209472656},"size":10.32608413696289,"orthographic":false}