{"cameraMode":{"drawMode":0,"name":"Shaded","section":"Shading Mode"},"sceneLighting":true,"audioPlay":false,"sceneViewState":{"showFog":true,"showMaterialUpdate":false,"showSkybox":true,"showFlares":true,"showImageEffects":true,"showParticleSystems":true},"in2DMode":false,"pivot":{"x":540.6179809570313,"y":392.5979309082031,"z":46.05126953125},"rotation":{"x":-0.00330925895832479,"y":-0.002403060905635357,"z":0.000007980726877576672,"w":-0.9999915957450867},"size":390.378173828125,"orthographic":false}