{"cameraMode":{"drawMode":0,"name":"Shaded","section":"Shading Mode"},"sceneLighting":true,"audioPlay":false,"sceneViewState":{"showFog":true,"showMaterialUpdate":false,"showSkybox":true,"showFlares":true,"showImageEffects":true,"showParticleSystems":true},"in2DMode":false,"pivot":{"x":-0.5226531028747559,"y":-22.53322982788086,"z":32.50861358642578},"rotation":{"x":-0.31436535716056826,"y":-0.010824652388691903,"z":0.0035849132109433414,"w":-0.949233889579773},"size":40.887184143066409,"orthographic":false}