{"cameraMode":{"drawMode":0,"name":"Shaded","section":"Shading Mode"},"sceneLighting":true,"audioPlay":false,"sceneViewState":{"showFog":true,"showMaterialUpdate":false,"showSkybox":true,"showFlares":true,"showImageEffects":true,"showParticleSystems":true},"in2DMode":false,"pivot":{"x":0.017930984497070314,"y":2.3852643966674806,"z":22.656869888305665},"rotation":{"x":0.19804705679416657,"y":0.4552268087863922,"z":-0.1046205684542656,"w":0.8617448806762695},"size":14.212780952453614,"orthographic":false}